{"gridsize":8,"depth":10,"permeability":0.000009999999999999999,"capacity":15000000000,"inclinaison":0.08726646259971647,"rain_intensity":100,"solar_intensity":100,"wind_intensity":100,"temperature_intensity":100,"etp_limit":null,"water_data_per":[0.65],"water_data_ngf":[204.1796875],"time_labels":["01/2023"],"water_consumption":[0,0,0,0,0,0,0],"annee_actuelle":2023,"mois_actuel":1,"actual_scenario":"245","future_rain":{},"old_value":0.65,"hist":[],"z":215,"phi":48.4,"tabHR":[81,78,74,68,69,66,65,67,72,79,84,83],"tabRg":[1.45,2.53,4.09,5.32,5.43,5.84,5.66,5.29,4.64,2.94,1.65,1.14],"tabv10":[3.69,3.69,3.58,3.07,2.94,2.86,2.78,2.64,2.83,3,3.19,3.56],"buildings":[{"buildingtype":"city","nb_hab":277000,"conso_hab":57.27,"density":3713,"category":2,"green_cover":25,"position":"case4_5"}]}