{"gridsize":8,"depth":10,"permeability":0.000009999999999999999,"capacity":15000000000,"inclinaison":0.08726646259971647,"rain_intensity":100,"solar_intensity":100,"wind_intensity":100,"temperature_intensity":100,"etp_limit":null,"water_data_per":[0.65],"water_data_ngf":[130.1796875],"time_labels":["01/2023"],"water_consumption":[0,0,0,0,0,0,0],"annee_actuelle":2023,"mois_actuel":1,"actual_scenario":"245","future_rain":{},"old_value":0.65,"hist":[],"z":141,"phi":43.32,"tabHR":[76,72,69,69,67,63,60,62,67,74,76,76],"tabRg":[3.18,4.47,5.77,6.01,6.45,6.87,7.12,6.85,6.16,4.74,3.41,2.88],"tabv10":[5.69,5.86,5.78,5.61,5.03,4.86,4.89,4.67,4.92,5.39,5.75,5.72],"buildings":[{"buildingtype":"city","nb_hab":862000,"conso_hab":67.99,"density":3617,"category":3,"green_cover":25,"position":"case4_5"}]}