{"gridsize":8,"depth":10,"permeability":0.000009999999999999999,"capacity":15000000000,"inclinaison":0.08726646259971647,"rain_intensity":100,"solar_intensity":100,"wind_intensity":100,"temperature_intensity":100,"etp_limit":null,"water_data_per":[0.65],"water_data_ngf":[449.1796875],"time_labels":["01/2023"],"water_consumption":[0,0,0,0,0,0,0],"annee_actuelle":2023,"mois_actuel":1,"actual_scenario":"245","future_rain":{},"old_value":0.65,"hist":[],"z":460,"phi":41.51,"tabHR":[76,74,75,75,75,73,69,70,72,75,76,75],"tabRg":[2.88,4.08,5.36,5.95,6.57,7.12,7.47,7.11,6.1,4.9,3.35,2.64],"tabv10":[4.69,4.69,4.58,4.36,3.67,3.44,3.25,3.25,3.67,4.17,4.69,4.89],"buildings":[{"buildingtype":"city","nb_hab":70000,"conso_hab":56.69,"density":886,"category":1,"green_cover":25,"position":"case4_5"}]}