{"gridsize":8,"depth":10,"permeability":0.000009999999999999999,"capacity":15000000000,"inclinaison":0.08726646259971647,"rain_intensity":100,"solar_intensity":100,"wind_intensity":100,"temperature_intensity":100,"etp_limit":null,"water_data_per":[0.65],"water_data_ngf":[299.1796875],"time_labels":["01/2023"],"water_consumption":[0,0,0,0,0,0,0],"annee_actuelle":2023,"mois_actuel":1,"actual_scenario":"245","future_rain":{},"old_value":0.65,"hist":[],"z":310,"phi":47.25,"tabHR":[84,80,74,70,72,67,64,65,71,79,85,85],"tabRg":[1.41,2.69,4.32,5.14,5.16,5.67,5.71,5.28,4.72,3.19,1.75,1.29],"tabv10":[4.39,4.44,4.36,4.11,3.72,3.56,3.39,3.22,3.53,3.86,4.08,4.33],"buildings":[{"buildingtype":"city","nb_hab":115000,"conso_hab":54.09,"density":3938,"category":2,"green_cover":25,"position":"case4_5"}]}