{"gridsize":8,"depth":10,"permeability":0.000009999999999999999,"capacity":15000000000,"inclinaison":0.08726646259971647,"rain_intensity":100,"solar_intensity":100,"wind_intensity":100,"temperature_intensity":100,"etp_limit":null,"water_data_per":[0.65],"water_data_ngf":[68.1796875],"time_labels":["01/2023"],"water_consumption":[0,0,0,0,0,0,0],"annee_actuelle":2023,"mois_actuel":1,"actual_scenario":"245","future_rain":{},"old_value":0.65,"hist":[],"z":79,"phi":48.51,"tabHR":[85,81,76,71,71,68,65,66,71,79,86,86],"tabRg":[1.43,2.37,4.09,5.29,5.36,5.66,5.71,5.28,4.64,3,1.67,1.36],"tabv10":[5.14,5,4.78,4.42,4.06,3.89,3.75,3.61,3.97,4.39,4.61,4.94],"buildings":[{"buildingtype":"city","nb_hab":2161000,"conso_hab":55.61,"density":20360,"category":3,"green_cover":25,"position":"case4_5"}]}