{"gridsize":8,"depth":10,"permeability":0.000009999999999999999,"capacity":15000000000,"inclinaison":0.08726646259971647,"rain_intensity":100,"solar_intensity":100,"wind_intensity":100,"temperature_intensity":100,"etp_limit":null,"water_data_per":[0.65],"water_data_ngf":[37.1796875],"time_labels":["01/2023"],"water_consumption":[0,0,0,0,0,0,0],"annee_actuelle":2023,"mois_actuel":1,"actual_scenario":"245","future_rain":{},"old_value":0.65,"hist":[],"z":48,"phi":44.49,"tabHR":[84,78,73,70,70,65,63,64,65,75,82,83],"tabRg":[2.32,3.63,5.04,5.41,5.53,5.97,5.98,5.87,5.6,4.08,2.73,2.29],"tabv10":[3.17,3.25,3.22,3.19,2.89,2.75,2.64,2.53,2.67,2.94,3.03,3.14],"buildings":[{"buildingtype":"city","nb_hab":250000,"conso_hab":50.83,"density":5264,"category":2,"green_cover":25,"position":"case4_5"}]}