{"gridsize":8,"depth":10,"permeability":0.000009999999999999999,"capacity":15000000000,"inclinaison":0.08726646259971647,"rain_intensity":100,"solar_intensity":100,"wind_intensity":100,"temperature_intensity":100,"etp_limit":null,"water_data_per":[0.65],"water_data_ngf":[320.1796875],"time_labels":["01/2023"],"water_consumption":[0,0,0,0,0,0,0],"annee_actuelle":2023,"mois_actuel":1,"actual_scenario":"245","future_rain":{},"old_value":0.65,"hist":[],"z":331,"phi":43.21,"tabHR":[83,77,72,71,70,65,60,61,63,73,81,82],"tabRg":[2.56,3.77,5.25,5.46,5.52,5.9,6.16,6.01,5.65,4.44,2.82,2.53],"tabv10":[3.75,3.97,4,3.92,3.61,3.47,3.39,3.19,3.31,3.53,3.64,3.67],"buildings":[{"buildingtype":"city","nb_hab":472000,"conso_hab":56.97,"density":4210,"category":2,"green_cover":25,"position":"case4_5"}]}