{"gridsize":8,"depth":10,"permeability":0.000009999999999999999,"capacity":15000000000,"inclinaison":0.08726646259971647,"rain_intensity":100,"solar_intensity":100,"wind_intensity":100,"temperature_intensity":100,"etp_limit":null,"water_data_per":[0.65],"water_data_ngf":[65.1796875],"time_labels":["01/2023"],"water_consumption":[0,0,0,0,0,0,0],"annee_actuelle":2023,"mois_actuel":1,"actual_scenario":"245","future_rain":{},"old_value":0.65,"hist":[],"z":76,"phi":48.09,"tabHR":[85,82,77,73,73,70,70,72,73,81,85,86],"tabRg":[1.77,2.79,4.1,5.33,5.42,5.64,5.55,5.28,4.89,3.11,2.11,1.68],"tabv10":[5.28,5.11,4.94,4.75,4.44,4.22,4.06,3.92,4.22,4.64,4.89,5.14],"buildings":[{"buildingtype":"city","nb_hab":215000,"conso_hab":44.29,"density":4415,"category":2,"green_cover":25,"position":"case4_5"}]}