{"gridsize":8,"depth":10,"permeability":0.000009999999999999999,"capacity":15000000000,"inclinaison":0.08726646259971647,"rain_intensity":100,"solar_intensity":100,"wind_intensity":100,"temperature_intensity":100,"etp_limit":null,"water_data_per":[0.65],"water_data_ngf":[22.1796875],"time_labels":["01/2023"],"water_consumption":[0,0,0,0,0,0,0],"annee_actuelle":2023,"mois_actuel":1,"actual_scenario":"245","future_rain":{},"old_value":0.65,"hist":[],"z":33,"phi":47.21,"tabHR":[85,81,77,73,74,69,68,70,70,80,85,85],"tabRg":[1.96,3.3,4.6,5.59,5.65,5.93,5.99,5.79,5.43,3.46,2.46,2.01],"tabv10":[5.22,5.06,4.89,4.69,4.36,4.22,4.06,3.92,4.19,4.64,4.89,5.14],"buildings":[{"buildingtype":"city","nb_hab":304000,"conso_hab":46.95,"density":4920,"category":2,"green_cover":25,"position":"case4_5"}]}