{"gridsize":8,"depth":10,"permeability":0.000009999999999999999,"capacity":15000000000,"inclinaison":0.08726646259971647,"rain_intensity":100,"solar_intensity":100,"wind_intensity":100,"temperature_intensity":100,"etp_limit":null,"water_data_per":[0.65],"water_data_ngf":[58.1796875],"time_labels":["01/2023"],"water_consumption":[0,0,0,0,0,0,0],"annee_actuelle":2023,"mois_actuel":1,"actual_scenario":"245","future_rain":{},"old_value":0.65,"hist":[],"z":69,"phi":50.26,"tabHR":[84,81,77,72,72,72,71,73,76,80,86,85],"tabRg":[1.26,2.04,3.58,5.02,5.07,5.28,5.28,4.64,4.15,2.74,1.46,1.15],"tabv10":[5.75,5.39,5.11,4.64,4.33,4.17,4.06,4,4.36,4.83,5.08,5.44],"buildings":[{"buildingtype":"city","nb_hab":233000,"conso_hab":42.57,"density":6845,"category":2,"green_cover":25,"position":"case4_5"}]}