{"gridsize":8,"depth":10,"permeability":0.000009999999999999999,"capacity":15000000000,"inclinaison":0.08726646259971647,"rain_intensity":100,"solar_intensity":100,"wind_intensity":100,"temperature_intensity":100,"etp_limit":null,"water_data_per":[0.65],"water_data_ngf":[349.1796875],"time_labels":["01/2023"],"water_consumption":[0,0,0,0,0,0,0],"annee_actuelle":2023,"mois_actuel":1,"actual_scenario":"245","future_rain":{},"old_value":0.65,"hist":[],"z":360,"phi":45.52,"tabHR":[83,78,73,68,68,63,61,63,69,78,83,83],"tabRg":[1.76,3,4.69,5.26,5.4,6,6.21,5.81,5.16,3.54,2.07,1.58],"tabv10":[3.67,3.78,3.89,3.86,3.53,3.31,3.22,3.08,3.31,3.53,3.64,3.69],"buildings":[{"buildingtype":"city","nb_hab":513000,"conso_hab":53.77,"density":10909,"category":3,"green_cover":25,"position":"case4_5"}]}