{"gridsize":8,"depth":10,"permeability":0.000009999999999999999,"capacity":15000000000,"inclinaison":0.08726646259971647,"rain_intensity":100,"solar_intensity":100,"wind_intensity":100,"temperature_intensity":100,"etp_limit":null,"water_data_per":[0.65],"water_data_ngf":[99.1796875],"time_labels":["01/2023"],"water_consumption":[0,0,0,0,0,0,0],"annee_actuelle":2023,"mois_actuel":1,"actual_scenario":"245","future_rain":{},"old_value":0.65,"hist":[],"z":110,"phi":49.39,"tabHR":[80,82,79,74,75,73,72,73,76,81,87,86],"tabRg":[1.37,2.26,3.81,5.1,5.17,5.43,5.44,4.9,4.47,2.78,1.64,1.29],"tabv10":[5.69,5.44,5.14,4.69,4.36,4.19,4.06,3.97,4.36,4.86,5.11,5.47],"buildings":[{"buildingtype":"city","nb_hab":110000,"conso_hab":47.94,"density":5341,"category":2,"green_cover":25,"position":"case4_5"}]}